Name,Email,Age
John Doe,johndoe@example.com,30
Jane Smith,janesmith@example.com,45
Alice Johnson,alicejohnson@example.com,52
Michael Brown,michaelbrown@example.com,28
Emily Davis,emilydavis@example.com,37
David Wilson,davidwilson@example.com,61
Sophia Taylor,sophiataylor@example.com,42
Jacob Martinez,jacobmartinez@example.com,55
Olivia Anderson,oliviaanderson@example.com,49
William Thomas,williamthomas@example.com,33
Emma Jackson,emmajackson@example.com,27
James Harris,jamesharris@example.com,50
Ava White,avawhite@example.com,44
Daniel Lee,daniellee@example.com,39
Mia Thompson,miathompson@example.com,56
Liam Clark,liamclark@example.com,31
Isabella Rodriguez,isabellarodriguez@example.com,48
Benjamin Turner,benjaminturner@example.com,35
Sofia Scott,sofiascott@example.com,53
Alexander Green,alexandergreen@example.com,46
